{"mean": 29.69911764705882, "std": 14.526497332334042}